config,rate_bits,arity_bits,pow_bits,queries,threads,rep,wall_s,cpu_user_s,cpu_sys_s,hash_cpu_s,hash_calls,hash_bytes,leaf_calls,leaf_ns,leaf_bytes,node_calls,node_ns,node_bytes,perm_calls,perm_ns,perm_bytes,phase_traces_s,phase_trace_commit_s,phase_trace_commit_hash_ns,phase_ctl_s,phase_proofs_s,phase_proofs_hash_ns,proof_bytes,hash_share_cpu
1:4:16,1,4,16,84,1,1,12.339,12.27,0.21,2.605,6311244,940180096,2842784,1619922254,698286080,2846192,533398725,182156288,622268,451956554,59737728,0.2442,2.3776,1007736243,0.6020,8.3399,1597540082,4081640,0.2087
1:4:16,1,4,16,84,1,2,12.430,12.36,0.21,2.623,6311244,940180096,2842784,1636056384,698286080,2846192,533268748,182156288,622268,453383280,59737728,0.2433,2.3921,1013807894,0.6002,8.3872,1608899393,4081640,0.2087
1:4:16,1,4,16,84,1,3,12.426,12.33,0.22,2.604,6311244,940180096,2842784,1614738526,698286080,2846192,533566033,182156288,622268,455326573,59737728,0.2492,2.4023,1010729173,0.6078,8.3562,1592900876,4081640,0.2075
1:4:16,1,4,16,84,14,1,3.548,15.29,0.88,3.730,6551884,963281536,2842784,2222734755,698286080,2846192,687193868,182156288,862908,820003682,82839168,0.1627,0.3517,1482289504,0.6084,1.6160,2247634051,4081640,0.2307
1:4:16,1,4,16,84,14,2,3.439,15.29,0.85,3.581,6368588,945685120,2842784,2241383762,698286080,2846192,683945491,182156288,679612,655348008,65242752,0.1565,0.2778,1474825278,0.5983,1.6275,2105850775,4081640,0.2219
1:4:16,1,4,16,84,14,3,3.473,14.94,0.87,3.227,6073164,917324416,2842784,2184723477,698286080,2846192,682301350,182156288,384188,360324020,36882048,0.1699,0.2869,1435019871,0.5992,1.6237,1792324767,4081640,0.2041
1:1:16,1,1,16,84,1,1,12.730,12.64,0.24,2.781,7724248,978872064,3708672,1857817224,712138752,3711312,698235734,237523968,304264,224659767,29209344,0.2470,2.4100,1023574262,0.6151,8.6731,1757137047,4609976,0.2159
1:1:16,1,1,16,84,1,2,12.852,12.76,0.25,2.780,7724248,978872064,3708672,1855889574,712138752,3711312,700965662,237523968,304264,223408566,29209344,0.2597,2.4376,1028454958,0.6163,8.7337,1751807802,4609976,0.2137
1:1:16,1,1,16,84,1,3,12.789,12.68,0.27,2.818,7724248,978872064,3708672,1889707294,712138752,3711312,700750298,237523968,304264,227043974,29209344,0.2591,2.4445,1044540014,0.6085,8.6704,1772960469,4609976,0.2176
1:1:16,1,1,16,84,14,1,3.635,15.57,1.00,3.646,7650520,971820928,3708388,2498240610,712129664,3711044,915101602,237506816,231088,233002955,22184448,0.1633,0.2859,1445324797,0.6111,1.7351,2201019286,4609976,0.2200
1:1:16,1,1,16,84,14,2,3.638,15.62,1.08,3.623,7622360,969090816,3708672,2520945825,712138752,3711312,907640021,237523968,202376,194146155,19428096,0.1642,0.3025,1464242415,0.6138,1.7148,2158488545,4609976,0.2169
1:1:16,1,1,16,84,14,3,3.646,15.89,1.02,4.083,7860440,991946496,3708672,2668113919,712138752,3711312,979872949,237523968,440456,435404807,42283776,0.1645,0.2840,1487292331,0.6205,1.7472,2596098094,4609976,0.2415
2:1:16,2,1,16,42,1,1,17.461,17.29,0.44,5.312,15107760,1924986880,7417344,3718221208,1424277504,7424080,1397079437,475141120,266336,197052158,25568256,0.2629,4.4578,2018169263,0.6100,11.3023,3294182373,2487464,0.2996
2:1:16,2,1,16,42,1,2,17.432,17.24,0.43,5.326,15107760,1924986880,7417344,3722195014,1424277504,7424080,1406474148,475141120,266336,196880239,25568256,0.2601,4.4502,2007717153,0.6091,11.2721,3317830998,2487464,0.3014
2:1:16,2,1,16,42,1,3,17.392,17.22,0.42,5.285,15107760,1924986880,7417344,3701259780,1424277504,7424080,1388257759,475141120,266336,195943248,25568256,0.2643,4.4454,2010781570,0.6064,11.2386,3274677967,2487464,0.2996
2:1:16,2,1,16,42,14,1,4.391,21.61,1.51,7.334,15443632,1957230592,7417344,4947946631,1424277504,7424080,1822607320,475141120,602208,563015112,57811968,0.1657,0.5243,2871076974,0.6038,2.2756,4462488506,2487464,0.3172
2:1:16,2,1,16,42,14,2,4.371,21.32,1.54,7.245,15339184,1947203584,7417344,4956425477,1424277504,7424080,1832503057,475141120,497760,455884939,47784960,0.1628,0.5407,2870695518,0.6066,2.2275,4374116789,2487464,0.3169
2:1:16,2,1,16,42,14,3,4.420,21.83,1.49,7.636,15678128,1979742208,7417344,5001833683,1424277504,7424080,1834925545,475141120,836704,799356024,80323584,0.1635,0.5116,2866501865,0.6208,2.2970,4769612262,2487464,0.3274
3:1:16,3,1,16,28,1,1,27.680,26.79,1.24,10.699,30260896,3854283264,14834688,7499361975,2848555008,14849616,2772196443,950375424,576592,427595895,55352832,0.2635,8.6881,4052942427,0.6098,17.2875,6646210386,1779960,0.3817
3:1:16,3,1,16,28,1,2,27.178,26.81,0.85,10.735,30260896,3854283264,14834688,7519677850,2848555008,14849616,2788560225,950375424,576592,426855773,55352832,0.2612,8.6672,4065638303,0.6084,16.7907,6669454336,1779960,0.3881
3:1:16,3,1,16,28,1,3,27.070,26.73,0.79,10.626,30260896,3854283264,14834688,7431175065,2848555008,14849616,2767244655,950375424,576592,427988695,55352832,0.2712,8.6841,4058868060,0.6202,16.6429,6567539147,1779960,0.3861
3:1:16,3,1,16,28,14,1,5.654,31.99,2.31,13.641,30032032,3832312320,14834688,9741916936,2848555008,14849616,3577499895,950375424,347728,322024534,33381888,0.1645,0.9894,5532184082,0.6056,3.1056,8109256158,1779960,0.3977
3:1:16,3,1,16,28,14,2,5.798,31.92,2.18,13.972,30241952,3852476288,14834570,9834195672,2848551232,14849488,3628370753,950367232,557894,509345756,53557824,0.1617,0.9749,5584334962,0.6047,3.2720,8387576178,1779960,0.4097
3:1:16,3,1,16,28,14,3,5.665,32.09,2.32,13.565,30131872,3841896960,14834688,9620287001,2848555008,14849616,3545147466,950375424,447568,399797624,42966528,0.1634,0.9554,5359711076,0.6067,3.1624,8205519932,1779960,0.3942
4:1:16,4,1,16,21,1,1,46.015,44.27,2.22,20.719,59923096,7651045120,29669376,14849208237,5697110016,29700688,5462758681,1900844032,553032,407149274,53091072,0.2473,17.0653,8027325120,0.6372,27.2825,12691789947,1426208,0.4457
4:1:16,4,1,16,21,1,2,46.109,44.57,2.33,20.933,59923096,7651045120,29669376,15017593243,5697110016,29700688,5507526893,1900844032,553032,407489826,53091072,0.2333,16.5434,8027610245,0.6297,27.9260,12904998551,1426208,0.4463
4:1:16,4,1,16,21,1,3,46.975,44.95,2.77,21.049,59923096,7651045120,29669376,15131230300,5697110016,29700688,5513672715,1900844032,553032,404053989,53091072,0.2568,16.7206,8125175046,0.6022,28.5799,12923780750,1426208,0.4411
4:1:16,4,1,16,21,14,1,10.705,57.16,6.63,30.178,59845784,7643623168,29669376,22108586139,5697110016,29700688,7621326456,1900844032,475720,448521986,45669120,0.1604,2.0103,11288763263,0.6040,7.1008,18889668026,1426208,0.4731
4:1:16,4,1,16,21,14,2,9.827,56.71,4.84,28.652,59683992,7628091136,29669376,20812383870,5697110016,29700688,7533540992,1900844032,313928,306565383,30137088,0.1632,1.9914,11116793624,0.6142,6.2207,17535695413,1426208,0.4655
4:1:16,4,1,16,21,14,3,10.168,56.75,5.50,30.297,59618968,7621885792,29668996,22508678899,5697097856,29700293,7552589218,1900818752,249679,235520540,23969184,0.1670,2.0206,11082308273,0.6058,6.5335,19214479092,1426208,0.4867
3:1:20,3,1,20,27,1,1,28.886,28.69,0.69,12.485,32762528,4094439936,14834688,7441356931,2848555008,14849616,2780540691,950375424,3078224,2262904564,295509504,0.2612,8.5905,4017156715,0.6113,18.5877,8467644387,1722674,0.4249
3:1:20,3,1,20,27,1,2,28.967,28.76,0.70,12.499,32762528,4094439936,14834688,7455583121,2848555008,14849616,2776781271,950375424,3078224,2266592088,295509504,0.2614,8.6152,4029749316,0.6123,18.6417,8469205956,1722674,0.4243
3:1:20,3,1,20,27,1,3,28.997,28.75,0.73,12.538,32762528,4094439936,14834688,7470362521,2848555008,14849616,2779663323,950375424,3078224,2288314078,295509504,0.2612,8.6299,4034015639,0.6116,18.6683,8504323200,1722674,0.4253
3:1:20,3,1,20,27,14,1,6.422,39.48,2.04,21.208,37634208,4562121216,14834688,9773431884,2848555008,14849616,3671541418,950375424,7949904,7762586219,763190784,0.1622,1.0135,5484804625,0.6041,3.8024,15722753771,1722674,0.5108
3:1:20,3,1,20,27,14,2,6.247,37.00,2.00,18.682,34660000,4276597248,14834688,10028071413,2848555008,14849616,3712953567,950375424,4975696,4941114589,477666816,0.1649,1.0203,5636344434,0.6131,3.6052,13045794093,1722674,0.4790
3:1:20,3,1,20,27,14,3,6.420,38.80,2.15,20.771,36690080,4471484928,14834688,10049279215,2848555008,14849616,3668024626,950375424,7005776,7053604975,672554496,0.1622,0.9935,5576407213,0.6153,3.8125,15194500562,1722674,0.5072
4:1:20,4,1,20,20,1,1,56.656,53.83,3.17,29.553,70656152,8681418496,29669376,15601986447,5697110016,29700688,5561457445,1900844032,11286088,8389793170,1083464448,0.2603,17.7676,8463672771,0.6340,37.1423,21089563041,1366672,0.5185
4:1:20,4,1,20,20,1,2,55.885,53.48,2.85,29.271,70656152,8681418496,29669376,15458185480,5697110016,29700688,5556162250,1900844032,11286088,8256390632,1083464448,0.2607,17.6716,8605569151,0.6290,36.4777,20665168211,1366672,0.5196
4:1:20,4,1,20,20,1,3,55.664,53.48,2.68,29.133,70656152,8681418496,29669376,15207698685,5697110016,29700688,5548786458,1900844032,11286088,8376970942,1083464448,0.2576,16.7842,8112076658,0.6075,37.1946,21021378177,1366672,0.5188
4:1:20,4,1,20,20,14,1,10.901,62.15,6.41,34.505,65914520,8226221824,29669376,20699462736,5697110016,29700688,7347138279,1900844032,6544456,6458349175,628267776,0.1648,1.9912,11111834527,0.6189,7.2751,23393114580,1366672,0.5033
4:1:20,4,1,20,20,14,2,10.584,72.89,4.15,44.947,76867736,9277730560,29669376,20149505612,5697110016,29700688,7331546249,1900844032,17497672,17465724180,1679776512,0.1584,1.9549,11040385272,0.6087,7.0516,33906389644,1366672,0.5834
4:1:20,4,1,20,20,14,3,10.237,66.42,4.99,38.016,69109400,8532930304,29669376,20633109457,5697110016,29700688,7569193961,1900844032,9739336,9813641464,934976256,0.1601,1.9979,11307677287,0.6111,6.6190,26708266387,1366672,0.5324
2:4:24,2,4,24,38,1,1,63.396,62.86,0.76,49.851,72607502,7638904640,5685600,3318008356,1396580352,5693072,1070194271,364356608,61228830,45462374883,5877967680,0.2672,4.4604,2013117020,0.6088,57.2259,47837459323,1990188,0.7836
2:4:24,2,4,24,38,1,2,63.372,62.83,0.77,49.827,72607502,7638904640,5685600,3288551949,1396580352,5693072,1066044693,364356608,61228830,45472612954,5877967680,0.2664,4.4565,1997235605,0.6074,57.2067,47829972741,1990188,0.7834
2:4:24,2,4,24,38,1,3,63.078,62.57,0.74,49.662,72607502,7638904640,5685600,3278899540,1396580352,5693072,1063671670,364356608,61228830,45318940205,5877967680,0.2690,4.4074,1997477290,0.6087,56.9633,47664032833,1990188,0.7844
2:4:24,2,4,24,38,14,1,24.670,283.61,2.36,283.176,287075086,28227792704,5685600,4457115749,1396580352,5693072,1388150567,364356608,275696414,277331076232,26466855744,0.1675,0.5301,2866808148,0.6142,22.5297,280309533358,1990188,0.9902
2:4:24,2,4,24,38,14,2,11.397,112.44,1.71,102.899,104581902,10708447040,5685600,4396559209,1396580352,5693072,1396449447,364356608,93203230,97106436744,8947510080,0.1719,0.5300,2809208136,0.6034,9.2468,100090236097,1990188,0.9014
2:4:24,2,4,24,38,14,3,19.258,214.26,2.31,209.979,205089550,20357181248,5685600,4396823103,1396580352,5693072,1383445763,364356608,193710878,204198493822,18596244288,0.1717,0.5388,2799142175,0.6086,17.1087,207179615971,1990188,0.9696
3:4:24,3,4,24,26,1,1,86.642,85.92,1.19,68.593,104385286,11358133312,11371200,6623269754,2793160704,11386864,2124235494,728759296,81627222,59845825337,7836213312,0.2743,8.6052,4003844309,0.6097,76.3227,64589485151,1439212,0.7874
3:4:24,3,4,24,26,1,2,86.478,85.77,1.18,68.600,104385286,11358133312,11371200,6634557351,2793160704,11386864,2117904883,728759296,81627222,59847418019,7836213312,0.2642,8.5680,4011612798,0.6080,76.2004,64588266247,1439212,0.7890
3:4:24,3,4,24,26,1,3,86.966,86.18,1.20,68.991,104385286,11358133312,11371200,6575383701,2793160704,11386864,2119915321,728759296,81627222,60295957205,7836213312,0.2650,8.5688,4005290940,0.6034,76.7023,64985964204,1439212,0.7896
3:4:24,3,4,24,26,14,1,11.340,110.10,2.42,92.096,109079814,11808808000,11371200,8653944993,2793160704,11386864,2763298894,728759296,86321750,80678390002,8286888000,0.1596,0.9523,5435114459,0.6049,8.8476,86660518305,1439212,0.8185
3:4:24,3,4,24,26,14,2,13.314,132.67,2.68,117.972,130026758,13819714624,11371200,8805555046,2793160704,11386864,2812468591,728759296,107268694,106353566346,10297794624,0.1623,1.0149,5458707945,0.6070,10.7382,112512880955,1439212,0.8716
3:4:24,3,4,24,26,14,3,14.482,146.38,2.32,132.491,142966534,15061933120,11371200,8695859338,2793160704,11386864,2714782825,728759296,120208470,121080742994,11540013120,0.1637,0.9471,5421597494,0.6132,11.9632,127069786580,1439212,0.8910
4:4:24,4,4,24,19,1,1,148.888,146.42,2.84,120.712,186397950,20568471872,22742400,13109117358,5586321408,22774448,4139779143,1457564672,140881102,103463019002,13524585792,0.2502,16.8083,8018945540,0.6111,130.4295,112692968880,1114326,0.8087
4:4:24,4,4,24,19,1,2,147.185,145.99,2.00,120.380,186397950,20568471872,22742400,12831327401,5586321408,22774448,4083671919,1457564672,140881102,103465059105,13524585792,0.2230,15.9075,7750015298,0.5856,129.7046,112630042169,1114326,0.8134
4:4:24,4,4,24,19,1,3,147.181,145.12,2.58,119.555,186397950,20568471872,22742400,13079168605,5586321408,22774448,4127572335,1457564672,140881102,102348681220,13524585792,0.2240,15.9969,7770989476,0.5926,129.6109,111784431518,1114326,0.8094
4:4:24,4,4,24,19,14,1,17.592,156.91,6.34,133.939,159857406,18020579648,22742400,18643167564,5586321408,22774448,5723177077,1457564672,114340558,109572773992,10976693568,0.1506,2.0089,11267759047,0.6180,14.0393,122671355211,1114326,0.8205
4:4:24,4,4,24,19,14,2,18.905,177.51,6.14,153.820,178409726,19801602368,22742400,18445724062,5586321408,22774448,5713811860,1457564672,132892878,129660360007,12757716288,0.1564,1.9088,11072605596,0.6018,15.4493,142747289292,1114326,0.8376
4:4:24,4,4,24,19,14,3,17.214,166.59,5.20,139.580,164302590,18447317312,22742400,17569769568,5586321408,22774448,5462713284,1457564672,118785742,116547526346,11403431232,0.1586,1.8615,10829502431,0.6131,13.8058,128750505683,1114326,0.8125
